First Name,Middle Name,Last Name,Company,Job Title,Email,Home Email,Work Email,Phone,Home,Work,Pager,Fax,Mobile,Other,Home Address,Home City,Home State,Home ZIP,Home Country,Work Address,Work City,Work State,Work ZIP,Work Country,Other Street,Other City,Other State,Zip Code,Other Country,Birthday,Anniversary,Notes,website
( .) (. ),,George,,,,,,,,,,,,,,,,,,,,,,,,,,,,,,,
***danutzy***,,",,,,,,,dani,,,,,,",,,,,,,,,,,,,,,,,,,,,,,,,,,,,,,
***ILIE MIHAELA CAMELIA****,,::::::::::;mitzy:::::,,,,,,,,,,,,,,,,,,,,,,,,,,,,,,,
*_*....::::D@I@N@:X:*_*::::....,,Popa,,,,,,,,,,,,,,,,,,,,,,,,,,,,,,,
...Andreea,,Elena....,,,,,,,,,,,,,,,,,,,,,,,,,,,,,,,
...raretzu,,Rm...,,,,,,,,,,,,,,,,,,,,,,,,,,,,,,,
..::::z3us.^;x...::::..,,Xxl,,,,,,,,,,,,,,,,,,,,,,,,,,,,,,,
.:Andrutza:-*:-*:.,,Andra,,,,,,,,,,,,,,,,,,,,,,,,,,,,,,,
:X:X:X:XMihaela,,Mihaela:X:X:X,,,,,,,,,,,,,,,,,,,,,,,,,,,,,,,
[:X]florynutzu7up[:X],,max,,,,,,,,,,,,,,,,,,,,,,,,,,,,,,,
Albert,,Ciuclea,,,,,,,,,,,,,,,,,,,,,,,,,,,,,,,
alex-99,,-florin,,,,,,,,,,,,,,,,,,,,,,,,,,,,,,,
Alex,,Trandafir,,,,,,,,,,,,,,,,,,,,,,,,,,,,,,,
amit_pkar@yahoo.com,,,,,amit_pkar@yahoo.com,,,,,,,,,,,,,,,,,,,,,,,,,,,,
Andreea,,Sora,,,randunel_cuc@yahoo.com,,,,,,,,,,,,,,,,,,,,,,,,,,,,
Andrei,,Laurentiu,,,,,,,,,,,,,,,,,,,,,,,,,,,,,,,
B@y@t Sofystycat,,Florin,,,,,,,,,,,,,,,,,,,,,,,,,,,,,,,
balas.alexandru@yahoo.com,,,,,balas.alexandru@yahoo.com,,,,,,,,,,,,,,,,,,,,,,,,,,,,
Bianca Stan,,Stan,,,,,,,,,,,,,,,,,,,,,,,,,,,,,,,
Bianca,,Stancu,,,,,,,,,,,,,,,,,,,,,,,,,,,,,,,
Biutttzzzzuu**//,,STANCU,,,,,,,,,,,,,,,,,,,,,,,,,,,,,,,
Biuttzzzuu,,Stancu,,,,,,,,,,,,,,,,,,,,,,,,,,,,,,,
BRIANNA,,sweet,,,,,,,,,,,,,,,,,,,,,,,,,,,,,,,
Brighila,,Mihai,,,,,,,,,,,,,,,,,,,,,,,,,,,,,,,
Bucur,,Daria,,,bucur_daria@yahoo.com,,,,,,,,,,,,,,,,,,,,,,,,,,,,
Burlacu,,Junior,,,,,,,,,,,,,,,,,,,,,,,,,,,,,,,
burlacujunior,,Junior,,,,,,,,,,,,,,,,,,,,,,,,,,,,,,,
bybylovel,,,,,,,,,,,,,,,,,,,,,,,,,,,,,,,,,
Carina,,Sava,,,carinacristinasava@yahoo.com,,,,,,,,,,,,,,,,,,,,,,,,,,,,
Catalina Oana,,Andrei,,,oana19dec@yahoo.com,,,,,,,,,,,,,,,,,,,,,,,,,,,,
Cata,,Seven,,,,,,,,,,,,,,,,,,,,,,,,,,,,,,,
Ciurea,,Daniel,,,dciurea64@gmail.com,,,,,,,,+40 723 202 779,,,,,,,,,,,,,,,,,,,,
Ciurea,,Mircea,,,,,,,,,,,,,,,,,,,,,,,,,,,,,,,
coldtouch • netsky-,,Gdk,,,,,,,,,,,,,,,,,,,,,,,,,,,,,,,
Cosmin,,Boss,,,,,,,,,,,,,,,,,,,,,,,,,,,,,,,
Cosmin,,cosmin,,,cosmin.cosmin626@yahoo.com,,,,,,,,,,,,,,,,,,,,,,,,,,,,
D.M.X,,Mihai,,,,,,,,,,,,,,,,,,,,,,,,,,,,,,,
daniela,,,,,,,,,,,,,,,,,,,,,,,,,,,,,,,,,
daniela,,ilie,,,danielaa.ilie@yahoo.com,,,,,,,,,,,,,,,,,,,,,,,,,,,,
Dan,,Mihai,,,mihaidan_19@yahoo.com,,,,,,,,,,,,,,,,,,,,,,,,,,,,
Deli,,Ionut,,,,,,,,,,,,,,,,,,,,,,,,,,,,,,,
Denisa,,Laura,,,,,,,,,,,,,,,,,,,,,,,,,,,,,,,
Diana,,Andreea,,,dianaandreea742@yahoo.com,,,,,,,,,,,,,,,,,,,,,,,,,,,,
DJ,,ΨŁΛĐ,,,,,,,,,,,,,,,,,,,,,,,,,,,,,,,
dumitru,,elena,,,,,,,,,,,,,,,,,,,,,,,,,,,,,,,
Dya,,Dyenutza,,,,,,,,,,,,,,,,,,,,,,,,,,,,,,,
edyx2000,,Eduard,,,,,,,,,,,,,,,,,,,,,,,,,,,,,,,
Elena,,Serediuc,,,,,,,,,,,,,,,,,,,,,,,,,,,,,,,
Eu,,Alexandru,,,,,,,,,,,,,,,,,,,,,,,,,,,,,,,
Gabor,,Filip,,,,,,,,,,,,,,,,,,,,,,,,,,,,,,,
GM,,MT2 RO,,,,,,,,,,,,,,,,,,,,,,,,,,,,,,,
Hammer.h,,Hammer,,,,,,,,,,,,,,,,,,,,,,,,,,,,,,,
Ice,,.,,,,,,,,,,,,,,,,,,,,,,,,,,,,,,,
Ingato,,Support,,,support@ingato.com,,,,,,,,,,,,,,,,,,,,,,,,,,,,
Ionescu,,Aurelian,,,,,,,,,,,,,,,,,,,,,,,,,,,,,,,
ionita,,marius,,,,,,,,,,,,,,,,,,,,,,,,,,,,,,,
Ionut,,Mirel,,,,,,,,,,,,,,,,,,,,,,,,,,,,,,,
IonuTs [:X],,Ionut,,,,,,,,,,,,,,,,,,,,,,,,,,,,,,,
Iza,,Bela,,,,,,,,,,,,,,,,,,,,,,,,,,,,,,,
kermit.li@joyetech.com,,,,,kermit.li@joyetech.com,,,,,,,,,,,,,,,,,,,,,,,,,,,,
Laura,,Andreea,,,,,,,,,,,,,,,,,,,,,,,,,,,,,,,
Laurentiu,,Andrei,,,,,,,,,,,,,,,,,,,,,,,,,,,,,,,
League of Legends Player Support,,,,,support+id20885947@riotgames.zendesk.com,,,,,,,,,,,,,,,,,,,,,,,,,,,,
Lori,,Lory,,,,,,,,,,,,,,,,,,,,,,,,,,,,,,,
Luca,,Flavius,,,,,,,,,,,,,,,,,,,,,,,,,,,,,,,
luminita,,ingeras,,,,,,,,,,,,,,,,,,,,,,,,,,,,,,,
Lupu,,Mihaela elena,,,,,,,,,,,,,,,,,,,,,,,,,,,,,,,
Madalin,,Printisorul,,,,,,,,,,,,,,,,,,,,,,,,,,,,,,,
Mama,,Mia,,,,,,,,,,,,,,,,,,,,,,,,,,,,,,,
Maria,,Mares,,,,,,,,,,,,,,,,,,,,,,,,,,,,,,,
Mihaela,,Elena,,,,,,,,,,,,,,,,,,,,,,,,,,,,,,,
Miki.,,Baby,,,,,,,,,,,,,,,,,,,,,,,,,,,,,,,
miky ,,yo,,,,,,,,,,,,,,,,,,,,,,,,,,,,,,,
Mitzu,,Alexa,,,,,,,,,,,,,,,,,,,,,,,,,,,,,,,
Mutu,,Dinamo,,,,,,,,,,,,,,,,,,,,,,,,,,,,,,,
Negoita,,Dan,,,,,,,,,,,,,,,,,,,,,,,,,,,,,,,
Neo,,Payne,,,,,,,,,,,,,,,,,,,,,,,,,,,,,,,
office@hefe.ro,,,,,office@hefe.ro,,,,,,,,,,,,,,,,,,,,,,,,,,,,
Parazitu,,Parazitu,,,,,,,,,,,,,,,,,,,,,,,,,,,,,,,
Preda,,Diana,,,,,,,,,,,,,,,,,,,,,,,,,,,,,,,
Rares,,Rcr,,,,,,,,,,,,,,,,,,,,,,,,,,,,,,,
Razvan,,Popa,,,,,,,,,,,,,,,,,,,,,,,,,,,,,,,
ristoiu,,adriana,,,,,,,,,,,,,,,,,,,,,,,,,,,,,,,
shop@edigital.ro,,,,,shop@edigital.ro,,,,,,,,,,,,,,,,,,,,,,,,,,,,
Stelistu,,Marius,,,,,,,,,,,,,,,,,,,,,,,,,,,,,,,
SuperCoinsy.pl,,,,,supercoinsy@gmail.com,,,,,,,,,,,,,,,,,,,,,,,,,,,,
Trandafir,,Alexandru,,,,,,,,,,,,,,,,,,,,,,,,,,,,,,,
Vanzari,,,,,vanzari@smokemania.ro,,,,,,,,,,,,,,,,,,,,,,,,,,,,
Vick,,Vicktor,,,,,,,,,,,,,,,,,,,,,,,,,,,,,,,
Viorel,,Ursan,,,,,,,,,,,,,,,,,,,,,,,,,,,,,,,
vlad.stelistul.mafiotu,,.,,,,,,,,,,,,,,,,,,,,,,,,,,,,,,,
Vlad,,George,,,vladgeorge33@yahoo.com,,,,,,,,,,,,,,,,,,,,,,,,,,,,
Vlad,,Theodor,,,,,,,,,,,,,,,,,,,,,,,,,,,,,,,
xƒŁø,,,,,,,,,,,,,,,,,,,,,,,,,,,,,,,,,
yo@deagutul_tau,,Boss,,,,,,,,,,,,,,,,,,,,,,,,,,,,,,,
Yongnuo Romania,,,,,contact@yongnuo-romania.ro,,,,,,,,,,,,,,,,,,,,,,,,,,,,
~~~,,pysy~~~,,,,,,,,,,,,,,,,,,,,,,,,,,,,,,,
¨˜”°º•Valentin•º°”˜¨,,¨˜”°º•12•º°”˜¨,,,,,,,,,,,,,,,,,,,,,,,,,,,,,,,
"¯¨’*·~-.¸¸,.-~*’",,"¯¨’*·~-.¸¸,.-~*’ (Numele tau aici) ¯¨’*·~-.¸¸,.-~*’",,,,,,,,,,,,,,,,,,,,,,,,,,,,,,,
Ŧгєคк ήάмє▀▄ Edy,,Adrian Eduard,,,,,,,,,,,,,,,,,,,,,,,,,,,,,,,
๔คภץ เ๏ภยt,,Ionut,,,,,,,,,,,,,,,,,,,,,,,,,,,,,,,
ღ♥•º°”˜¨ Just`Me`Manuela¨˜”°º•♥ღ,,Manuela,,,,,,,,,,,,,,,,,,,,,,,,,,,,,,,
☠☠RaduTz†DraguTz☠☠...,,Radu,,,,,,,,,,,,,,,,,,,,,,,,,,,,,,,
"你就死定了吸盤:P-,-",,dragutzu,,,,,,,,,,,,,,,,,,,,,,,,,,,,,,,
,,,,,,,,,,,,,,,,,,,,,,,,,,,,,,,,,
,,,,,,,,,,,,,,,,,,,,,,,,,,,,,,,,,
,,,,,,,,,,,,,,,,,,,,,,,,,,,,,,,,,
,,,,,,,,,,,,,,,,,,,,,,,,,,,,,,,,,
,,,,,,,,,,,,,,,,,,,,,,,,,,,,,,,,,
,,,,,,,,,,,,,,,,,,,,,,,,,,,,,,,,,
,,,,,,,,,,,,,,,,,,,,,,,,,,,,,,,,,
,,,,,,,,,,,,,,,,,,,,,,,,,,,,,,,,,
,,,,,,,,,,,,,,,,,,,,,,,,,,,,,,,,,
,,,,,,,,,,,,,,,,,,,,,,,,,,,,,,,,,
,,,,,,,,,,,,,,,,,,,,,,,,,,,,,,,,,
,,,,,,,,,,,,,,,,,,,,,,,,,,,,,,,,,
,,,,,,,,,,,,,,,,,,,,,,,,,,,,,,,,,
,,,,,,,,,,,,,,,,,,,,,,,,,,,,,,,,,
,,,,,,,,,,,,,,,,,,,,,,,,,,,,,,,,,
,,,,,,,,,,,,,,,,,,,,,,,,,,,,,,,,,
,,,,,,,,,,,,,,,,,,,,,,,,,,,,,,,,,
,,,,,,,,,,,,,,,,,,,,,,,,,,,,,,,,,
,,,,,,,,,,,,,,,,,,,,,,,,,,,,,,,,,
,,,,,,,,,,,,,,,,,,,,,,,,,,,,,,,,,
,,,,,,,,,,,,,,,,,,,,,,,,,,,,,,,,,
,,,,,,,,,,,,,,,,,,,,,,,,,,,,,,,,,
,,,,,,,,,,,,,,,,,,,,,,,,,,,,,,,,,
,,,,,,,,,,,,,,,,,,,,,,,,,,,,,,,,,
,,,,,,,,,,,,,,,,,,,,,,,,,,,,,,,,,
,,,,,,,,,,,,,,,,,,,,,,,,,,,,,,,,,
,,,,,,,,,,,,,,,,,,,,,,,,,,,,,,,,,
,,,,,,,,,,,,,,,,,,,,,,,,,,,,,,,,,
,,,,,,,,,,,,,,,,,,,,,,,,,,,,,,,,,
,,,,,,,,,,,,,,,,,,,,,,,,,,,,,,,,,
,,,,,,,,,,,,,,,,,,,,,,,,,,,,,,,,,
,,,,,,,,,,,,,,,,,,,,,,,,,,,,,,,,,
,,,,,,,,,,,,,,,,,,,,,,,,,,,,,,,,,
,,,,,,,,,,,,,,,,,,,,,,,,,,,,,,,,,
,,,,,,,,,,,,,,,,,,,,,,,,,,,,,,,,,
,,,,,,,,,,,,,,,,,,,,,,,,,,,,,,,,,
,,,,,,,,,,,,,,,,,,,,,,,,,,,,,,,,,
,,,,,,,,,,,,,,,,,,,,,,,,,,,,,,,,,
,,,,,,,,,,,,,,,,,,,,,,,,,,,,,,,,,
,,,,,,,,,,,,,,,,,,,,,,,,,,,,,,,,,
,,,,,,,,,,,,,,,,,,,,,,,,,,,,,,,,,
,,,,,,,,,,,,,,,,,,,,,,,,,,,,,,,,,
,,,,,,,,,,,,,,,,,,,,,,,,,,,,,,,,,
,,,,,,,,,,,,,,,,,,,,,,,,,,,,,,,,,
,,,,,,,,,,,,,,,,,,,,,,,,,,,,,,,,,
,,,,,,,,,,,,,,,,,,,,,,,,,,,,,,,,,
,,,,,,,,,,,,,,,,,,,,,,,,,,,,,,,,,
,,,,,,,,,,,,,,,,,,,,,,,,,,,,,,,,,
,,,,,,,,,,,,,,,,,,,,,,,,,,,,,,,,,
,,,,,,,,,,,,,,,,,,,,,,,,,,,,,,,,,
,,,,,,,,,,,,,,,,,,,,,,,,,,,,,,,,,
,,,,,,,,,,,,,,,,,,,,,,,,,,,,,,,,,
,,,,,,,,,,,,,,,,,,,,,,,,,,,,,,,,,
,,,,,,,,,,,,,,,,,,,,,,,,,,,,,,,,,
,,,,,,,,,,,,,,,,,,,,,,,,,,,,,,,,,
